playerID,gameID,yearID,gameNum,teamID,lgID,GP,startingPos
ramirar01,ALS201407150,2014,0,MIL,NL,1,
rizzoan01,ALS201407150,2014,0,CHN,NL,1,
rodrifr03,ALS201407150,2014,0,MIL,NL,1,
rossty01,ALS201407150,2014,0,SDN,NL,0,
stantmi03,ALS201407150,2014,0,MIA,NL,1,
streehu01,ALS201407150,2014,0,SDN,NL,0,
wainwad01,ALS201407150,2014,0,SLN,NL,1,
watsoto01,ALS201407150,2014,0,PIT,NL,1,
zimmejo02,ALS201407150,2014,0,WAS,NL,0,
