gameID,yearID,gameNum,playerID,teamID,lgID,GP,startingPos
ALS201407150,2014,0,zimmejo02,WAS,NL,0,
ALS201407150,2014,0,rodrifr03,MIL,NL,1,
ALS201407150,2014,0,streehu01,SDN,NL,0,
ALS201407150,2014,0,stantmi03,MIA,NL,1,
ALS201407150,2014,0,rossty01,SDN,NL,0,
ALS201407150,2014,0,ramirar01,MIL,NL,1,
ALS201407150,2014,0,wainwad01,SLN,NL,1,
ALS201407150,2014,0,watsoto01,PIT,NL,1,
ALS201407150,2014,0,rizzoan01,CHN,NL,1,
